,event,time,stage,section,thrust,mass,lat,lon,lat_IIP,lon_IIP,altitude,altitude_apogee,altitude_perigee,inclination,argument_perigee,lon_ascending _node,true_anomaly,pos_ECI_X,pos_ECI_Y,pos_ECI_Z,vel_ECI_X,vel_ECI_Y,vel_ECI_Z,vel_ground_NED_X,vel_ground_NED_Y,vel_ground_NED_Z,quat_ECI2BODY_0,quat_ECI2BODY_1,quat_ECI2BODY_2,quat_ECI2BODY_3,accel_BODY_X,aero_BODY_X,heading_NED2BODY,pitch_NED2BODY,roll_NED2BODY,vel_inertial,flightpath_vel_inertial_geocentric,azimuth_vel_inertial_geocentric,thrustvec_ECI_X,thrustvec_ECI_Y,thrustvec_ECI_Z,rate_BODY_X,rate_BODY_Y,rate_BODY_Z,vel_ground,vel_air,AOA_total,AOA_pitch,AOA_yaw,dynamic_pressure,Q_alpha,M
0,LIFTOFF,0.0,1,0,351506.46439039987,28053.48550034377,42.505870000005,143.45658999999208,42.505870731974554,143.45659006970567,49.99999970942736,-9668.096166983247,-6372131.866634142,42.314233041297854,-90.000000000007,53.45659000000157,180.0,-3783441.760261135,2804038.1748161884,4287229.238094248,-204.47369246506366,-275.89292966659804,7.033037764439795e-11,3.810011055046473e-11,4.3381343993265234e-11,-6.25200663899084e-11,0.4500098251495636,0.036775778061868464,-0.7061498014925333,0.5454274995532029,12.529867790798846,-2.1502636746222087e-21,130.39069655625784,89.99999879258174,40.39875536956167,343.40413443975285,1.0427796261235294e-11,89.99999999999363,-0.5922773988336066,0.43895705065515733,0.6756657387429248,-2.894866340294401e-21,0.0,0.0,8.510181039213091e-11,8.510181039213091e-11,0.0,0.0,0.0,4.4146628504747036e-21,0.0,2.502242654791925e-13
1,,0.571042,1,0,351510.093568579,27973.036055162986,42.50586999999631,143.45658999962887,42.50587081573203,143.45659006353364,50.446421028114855,-9667.52459578868,-6372131.870482671,42.31423306204384,-90.00046644661566,53.46027404629177,179.9995064819059,-3783558.7844354194,2803880.8219186915,4287229.539725127,-205.39023754025777,-275.21353941555384,1.0587482991541008,-3.0713697763001813e-06,-0.0001580318331984576,-1.5669738787743055,0.4500098251495636,0.036775778061868464,-0.7061498014925333,0.5454274995532029,12.565997505095806,-0.99228944589056,-89.9991938592986,89.99824112723712,179.99919409915003,343.40757548784666,0.26144240205811214,90.00000051244751,-0.5922773988336066,0.43895705065515733,0.6756657387429248,-2.894866340294401e-21,0.0,0.0,1.566973886746198,1.566973886746198,0.004021068673730276,-0.004019496321832285,0.00011244125684221306,1.4966657770046785,0.006018195870957695,0.004607385724069301
2,,2.76843,1,0,351593.1791165196,27663.463954384166,42.50586999982587,143.45658995799175,42.505871389402635,143.45658984087245,60.67194511834532,-9654.32935785409,-6372131.957758961,42.314233543312895,-90.00231975196165,53.47461258717751,179.99754583036395,-3784014.073947231,2803279.013413493,4287236.448747458,-209.03200323774473,-272.5120872343531,5.264981896630936,-1.4525354386063505e-05,-0.0037528385934673114,-7.792303653953323,0.4500098251495636,0.036775778061868464,-0.7061498014925333,0.5454274995532029,12.708772313509579,-24.514317271890853,-89.99609123055957,89.99147296088601,179.9960935703551,343.4893536935025,1.2999075842002272,90.00000242352705,-0.5922773988336066,0.43895705065515733,0.6756657387429248,-1.1964904683169926e-21,0.0,0.0,7.792304557666033,7.792304557666033,0.01906738775234948,-0.019067070531669863,0.00010998549567423237,36.97483750325991,0.7050135637547703,0.022914420664499367
3,,5.835904,1,0,351900.3636815286,27231.312530729738,42.50586999922438,143.45658960228388,42.50587307095121,143.4565883786232,98.56566428486258,-9604.762512749061,-6372132.275819658,42.31423536604845,-90.00506845452419,53.49507625299022,179.99463919708506,-3784663.460546023,2802449.168518538,4287262.052185954,-214.43250635152242,-268.5009075464636,11.500951883225836,-2.7819745113677463e-05,-0.01692140258421926,-17.021689472867436,0.4500098251495636,0.036775778061868464,-0.7061498014925333,0.5454274995532029,12.918356896990637,-116.54963606854905,-89.99176033674152,89.98202506460838,179.9917652812936,343.81144400338184,2.837804970943897,90.00000464182067,-0.5922773988336066,0.43895705065515733,0.6756657387429248,-3.462057524081362e-28,0.0,0.0,17.02169788374138,17.02169788374138,0.038983374119326286,-0.03898322608548836,0.00010743640117155639,175.79132112704238,6.8529388384261205,0.05007624862243304
4,,8.602401,1,0,352378.515739725,26841.563323959377,42.50586999842888,143.45658871345285,42.5058756827569,143.45658484658117,157.8268441008404,-9526.044211217202,-6372132.764228805,42.314238287446614,-90.00771820993951,53.51400351641383,179.99183945765654,-3785263.810785816,2801711.6579117225,4287302.092869647,-219.63642170201973,-264.63098177189573,17.508173227195208,-3.467641546572864e-05,-0.03725892944113651,-25.91251529791639,0.4500098251495636,0.036775778061868464,-0.7061498014925333,0.5454274995532029,13.118086597275258,-268.56364977828594,-89.98785482646984,89.97350460418255,179.98786162156892,344.3490240749614,4.315628763716349,90.00000578616883,-0.5922773988336066,0.43895705065515733,0.6756657387429248,-2.134936723191637e-35,0.0,0.0,25.912542084746857,25.912542084746857,0.05588871458318613,-0.05588861411451857,0.0001059772913338121,405.07341803299494,22.639032645681695,0.07628339990910088
5,KICKTURN,10.0,1,0,352695.5971703179,26644.667048203188,42.505869997987276,143.45658796876128,42.50587745233193,143.45658187085166,197.31325512658805,-9472.998463039286,-6372133.085473805,42.314240269164635,-90.00912154451596,53.523743474315054,179.99035782492194,-3785572.689334971,2801343.2350871563,4287328.7724485565,-222.39120172633045,-262.5807854298719,20.687526338319802,-3.547347454269101e-05,-0.05069074090538761,-30.618027974801993,0.4500098251495636,0.036775778061868464,-0.7061498014925333,0.5454274995532029,13.222986151221408,-373.53378802174547,-89.98588203362671,89.96920039541281,179.9858895220771,344.72378686166775,5.095669667239933,90.00000591936251,-0.5922773988336066,0.43895705065515733,0.6756657387429248,0.0,0.0,0.0,30.618069936203188,30.618069936203188,0.06405837256543978,-0.06405828564020527,0.00010553115842492847,563.3993980005614,36.090448540264454,0.09017621784818373
6,,10.0,1,1,352695.5971703179,26644.667048203188,42.505869997987276,143.45658796876128,42.50587745233193,143.45658187085166,197.31325512658805,-9472.998463039286,-6372133.085473805,42.314240269164635,-90.00912154451595,53.52374347431504,179.99035782492194,-3785572.689334971,2801343.2350871563,4287328.7724485565,-222.39120172633045,-262.5807854298719,20.687526338319724,-3.547347459909034e-05,-0.05069074090538894,-30.61802797480194,0.45000982514956356,0.03677577806186853,-0.7061498014925346,0.5454274995532034,13.222986151221408,-373.5337880217442,-89.98588203367402,89.96920039541281,179.98588952202974,344.72378686166775,5.095669667239924,90.00000591936252,-0.5922773988336079,0.43895705065515656,0.6756657387429246,-5.612805891193611e-50,0.0,0.0,30.61806993620314,30.618069936203135,0.06405837257112934,-0.0640582856402785,0.0001055311585015909,563.3993980005595,36.09044854346982,0.09017621784818357
7,,10.571042,1,1,352840.09097183077,26564.217603022407,42.50586999777427,143.45658767676505,42.50587826530178,143.45658503568117,215.35733025427908,-9448.623444885947,-6372132.002709708,42.31424118096061,-90.00970130970383,53.52775121207336,179.98973805124558,-3785700.015828316,2801193.5291211554,4287340.964194463,-223.56264612881665,-261.75242116102584,22.015263651337527,-5.3786413235501485e-05,-0.021704215736668697,-32.58312807899738,0.44673324026322236,0.03930247459603482,-0.7082272212520341,0.5452512545710233,13.266636754737366,-422.265358732355,90.0308147252717,89.50162726706981,0.0009744765048012555,344.9337016897819,5.420355558092833,90.00000897440994,-0.5977694550687392,0.4314935546816312,0.6756367299481525,-9.498893751363697e-51,-0.9297582827514599,0.0,32.58313530782792,32.58313530782792,0.5365384467137112,-0.5365384362470819,0.00010598632149054614,636.928471627831,341.7366128349345,0.09598334281374092
8,,12.76843,1,1,353478.3888903631,26254.6455022436,42.505869992812514,143.45659504401763,42.505881815788435,143.45671267022567,295.44599504303187,-9339.57584713865,-6372104.719673358,42.31424522046217,-90.01183892231094,53.543185786511884,179.98725671058173,-3786196.6473136214,2800621.51213384,4287395.076954976,-228.59640980487478,-258.9966707727715,27.276100954738062,-0.0005912560754604002,0.7481157283077433,-40.369868225075585,0.4340360072442528,0.049016935759512846,-0.7160789965471194,0.544463915361018,13.43896025741286,-643.2514132480474,90.03632779914082,87.46536103864,0.0002796241078686497,346.52500592359956,6.690101211568126,90.0000984307932,-0.6184201688491789,0.40243389147797437,0.6749840425894871,0.0,-0.9297582827514599,0.0,40.37679950172491,40.37679950172491,1.4729812830970115,-1.472981274546838,0.0001587785414482667,970.5327102574419,1429.5765168426267,0.11905000928093253
9,,15.835904,1,1,354591.79848724126,25822.494078589167,42.50586994570663,143.4566697804395,42.505887645518825,143.4573766132502,436.6546643935144,-9144.633300283924,-6372003.384382818,42.3142521698746,-90.01433472026618,53.56451823509987,179.98351027033254,-3786910.367278183,2799831.4817980793,4287490.482957025,-237.02264232393082,-256.34222493575385,34.999609357708735,-0.0032881755136399127,3.6088114967354676,-51.80377138657879,0.41608130864739135,0.06255123452099633,-0.7266586058634104,0.5430754626952504,13.691249282664572,-1049.5949571472156,90.04496043954812,84.62285475845086,0.00020296667278124693,350.87895621485035,8.49018615898829,90.00054288261293,-0.6459273753093535,0.36102031267990403,0.6726382085924604,0.0,-0.9297582827514599,0.0,51.92931985982475,51.92931985982475,1.3921798403389318,-1.3921797510936218,0.0004986846725729424,1583.5623228434251,2204.6035417829075,0.1533583912225746
10,,18.602401,1,1,355821.03747447237,25432.74487181881,42.50586980368448,143.45686061571635,42.50589322045011,143.4587274488824,594.8398099914193,-8923.263192979619,-6371845.460052919,42.31425950905605,-90.0157628117467,53.58320553933339,179.9798080847181,-3787578.232773202,2799124.1683653453,4287597.351608696,-246.0227529439892,-255.20428478723016,42.31118150613793,-0.008676838696953793,8.026421418735751,-62.630936976349936,0.3996669578781048,0.07472456897130057,-0.7358143160237786,0.5415347208771739,13.93056445209584,-1528.545843890443,90.05288522848967,82.05934302604658,0.00018997633893371024,356.9967199013825,10.104171872679292,90.0014145178795,-0.6693651231478545,0.3229002537383598,0.6690932356921272,0.0,-0.9297582827514599,0.0,63.143153093698054,63.14315309369805,0.637761735913382,-0.6377607014437483,0.0011487853085880503,2305.629356369349,1470.4421806909697,0.18681210445127278
11,ZEROLIFT_START,20.0,1,1,356523.1614935216,25235.848596062617,42.50586966964514,143.45702118050525,42.50589588470717,143.45977401042498,686.300518871285,-8794.153842735104,-6371740.330806792,42.31426349417061,-90.01607996877543,53.592341085305286,179.97780649979092,-3787925.5645729704,2798767.603467187,4287659.137498045,-251.07456413449336,-255.10355194297586,46.118044987136834,-0.01280953438091631,10.937704487367514,-68.26968710286853,0.3912975592480588,0.08086045078967709,-0.740298997036524,0.5406525710863473,14.055664341163169,-1816.5442628516682,90.05693751475482,80.76433723701297,0.00018901009056328184,360.89213491386033,10.904305361841828,90.0020710549243,-0.6806956152527036,0.3033902416921875,0.666789202538328,0.0,-0.9297582827514599,0.0,69.14031906681315,69.14031906681315,0.13347982261631508,-0.13347014396248544,0.0016073999626402212,2739.8734069781895,365.7178163546076,0.20476918865065216
12,,20.0,1,2,356523.1614935216,25235.848596062617,42.50586966964514,143.45702118050525,42.50589588470717,143.45977401042498,686.300518871285,-8794.153842735104,-6371740.330806792,42.31426349417061,-90.01607996877543,53.592341085305286,179.97780649979092,-3787925.5645729704,2798767.603467187,4287659.137498045,-251.07456413449336,-255.10355194297586,46.118044987136834,-0.01280953438091631,10.937704487367514,-68.26968710286853,0.3912975592480588,0.08086045078967709,-0.740298997036524,0.5406525710863473,14.055664341163169,-1816.5442628516682,90.05693751475482,80.76433723701297,0.00018901009056328184,360.89213491386033,10.904305361841828,90.0020710549243,-0.6806956152527036,0.3033902416921875,0.666789202538328,0.0,-0.9297582827514599,0.0,69.14031906681315,69.14031906681315,0.13347982261631508,-0.13347014396248544,0.0016073999626402212,2739.8734069781895,365.7178163546076,0.20476918865065216
13,,20.394848,1,2,356731.35562229314,25180.22164911179,42.50586960400967,143.4570758450152,42.50589875421034,143.46010577673536,713.5784302446991,-8755.41772490181,-6371709.670903529,42.314265911367634,-90.0181388648958,53.59761827122941,179.97722342914753,-3788024.9953980967,2798666.8759068893,4287677.562872486,-252.52819210418554,-255.08315006259036,47.2239147330841,-0.002819556610520302,11.782119422403802,-69.89549858944763,0.39801828128195643,0.07807551329986091,-0.7370665119399742,0.5404882663218015,14.091523016036888,-1903.6827049240223,88.56072461107962,81.64892665329818,-1.4804447334024284,362.03314679180966,11.131638894920446,90.00045478243547,-0.6709413622224065,0.3151834274928691,0.6711908040885162,1.9395390915679147e-23,1.7623403569905207,-0.3568281366484742,70.8815848376795,70.8815848376795,1.2379505359876528,1.2200035042365587,0.21009439971721308,2871.964195150793,3555.3496147242718,0.20999182086514556
14,,22.063761,1,2,357659.52387665695,24945.102151635412,42.50587046160617,143.45734693404074,42.50592553997143,143.4615240183194,836.0829804427922,-8579.913196730427,-6371596.673324378,42.31428817391817,-90.03718406409838,53.63403288038285,179.9746979832413,-3788451.393807271,2798241.550132999,4287760.405238251,-258.4771668718019,-254.54961757671722,52.07855082609959,0.09835203407795035,14.874313228932557,-76.97007776105292,0.404585554309322,0.0724700499103322,-0.733376798836795,0.5415516572289848,14.245795168576704,-2296.708165236863,88.99402736572488,82.7355172009323,-1.052083347070325,366.4943779359691,12.123352965377546,89.98427342806723,-0.6621378874231189,0.33189196803011,0.6718788131768627,6.349675607214023e-22,0.030122945655639742,0.22981179487490697,78.39418178473159,78.39418178473159,3.6745076158050485,3.674146037869948,0.051688786162716306,3471.2136219716945,12755.000890021218,0.23257519075465619
15,,24.998907,1,2,359482.59064474213,24531.593393569212,42.50587222751382,143.45797351824874,42.50591531655612,143.4645450384738,1081.0789357265458,-8223.024468301795,-6371396.954273946,42.314287122833484,-90.02114178853394,53.631672481957175,179.96993270764165,-3789226.016121771,2797496.3865336245,4287926.085249982,-269.4746226855729,-253.171177875144,60.87106572692267,-0.005337546907099755,20.27133426742322,-90.09632209666452,0.4004832505259303,0.07173133500690408,-0.7348335477513056,0.5426101253851643,14.527459313785682,-3100.8657173317797,91.90291902289864,82.38471764609555,1.8220871540182382,374.72323683079895,13.912174974371318,90.00084078345573,-0.6689151384437502,0.3292116600389777,0.6664624674016976,1.1849928536324833e-21,-0.16790860253896078,-0.0076284166380049334,92.34865606394573,92.26071406076562,4.830381659113652,4.823750895008896,-0.2542103683308536,4693.60765747104,22671.9163437235,0.2744875128002222
16,,29.088172,1,2,362421.62741405587,23955.49018484097,42.50586844231802,143.4591852216736,42.50588141102563,143.47033260126898,1488.975829847157,-7615.744266509078,-6371077.4442423275,42.314284309231944,-89.997187410315,53.62756397132077,179.96254635517928,-3790361.385455389,2796464.878507697,4288201.377170553,-286.1190008446769,-251.46620665843744,73.96853673925072,-0.16179174158098064,28.737771686268605,-109.65157603384161,0.3924030187921919,0.08003136905625094,-0.7396703954586102,0.540886737179458,14.943143768875553,-4451.293528090028,90.12592969887919,80.96941661306121,0.052930124889191445,388.0343801300164,16.414374059393726,90.02490463037749,-0.6792476334617196,0.3060803965924546,0.6670363132982036,1.5141316682239182e-22,-0.5604477934923288,-0.03832263351792548,113.35499029493629,112.76037506372775,4.454864383005099,4.45450102264483,0.05712735710586833,6733.978487216534,29998.960918623496,0.3370692443598
17,,34.174493,1,2,366690.8422239181,23238.919887887045,42.50586032958784,143.4613766196227,42.50586754594741,143.48164957275958,2112.715141436085,-6662.344796959311,-6370525.654499078,42.3142989462877,-89.99303479792725,53.65994646602478,179.9517828965378,-3791875.8557277764,2795187.0314024845,4288622.151857552,-310.06954279490213,-251.51634941549727,91.69662680754229,-0.20121116369911718,42.92271243361798,-135.93256692030664,0.37063217285131456,0.09545636824582099,-0.7507355162009292,0.5384033642316991,15.49742886805819,-6547.334290885858,90.27660789119403,77.6645184153792,0.18243803182185148,409.6484672987558,19.379726016631302,90.029832872988,-0.7070286517448334,0.2557839338828134,0.6593065029099255,1.349287940701131e-23,-0.65423986823,0.021069866627739194,142.54845659681874,140.97400676820644,3.033620457112332,3.0335663789541045,0.018147494404561322,9888.474104928773,29997.87733433748,0.42450668267383374
18,,40.062426,1,2,372366.84340723464,22409.41699635486,42.50584532877254,143.46522170841715,42.505770741425984,143.50304094865066,3008.1309248749167,-5257.622556002811,-6369598.985146379,42.31430344872402,-89.96431970581774,53.67004881124651,179.93663175683415,-3793795.545617624,2793696.241898129,4289225.924494557,-342.9542185249516,-255.62949373443334,113.6586752640306,-0.38375232607154963,65.6359830608805,-168.63609874498627,0.3451019977296483,0.11326788153991345,-0.7627914090143698,0.535035931935216,16.19305400040993,-9489.94386755634,90.36570538933924,73.84059541466975,0.2524720072590894,442.58595609639184,22.397157845589597,90.05373270068306,-0.7361603346300971,0.1964767052900942,0.6476610733984656,0.0,-0.7070856121988804,-0.0032829182459147583,180.95956271538878,177.57189501657393,2.0945025461878988,2.094420867812123,0.018513636444669804,14321.11137307234,29995.60423514049,0.5404691831326719
19,,46.525708,1,2,379266.2846878452,21498.85787849193,42.5058155119556,143.47165084598052,42.50554550947462,143.5412289980059,4221.637900805101,-3301.174969142303,-6368106.6962265745,42.31430425653774,-89.92085173193685,53.673183004512204,179.9155687885104,-3796147.555614774,2792013.385894768,4290043.405835331,-386.1263644334285,-266.4024946928226,139.53390531789813,-0.6554465778279166,99.75540247216787,-207.2285799513967,0.31081487742751546,0.13674727393909,-0.7773528830996574,0.5295156612348986,17.018662003551142,-13384.488991408503,90.38371210151001,68.77950551706853,0.24641222437735066,489.4216681169729,25.050392733304648,90.08469923868475,-0.7693816819811516,0.1165644070301366,0.628064141983577,0.0,-0.8207329962530143,0.008464820555082683,229.98968298876588,224.63847704196584,1.4855490540094665,1.4853310459353941,0.0254608825605246,20188.55110677587,29991.08299849266,0.6939777621300515
20,,53.315962,1,2,386859.2825272658,20542.23445184096,42.50576278067704,143.4817560722924,42.505047792086934,143.6032113811022,5767.963736043312,-805.1543948138133,-6365847.661729557,42.314308118686355,-89.85210730308295,53.65576410581346,179.88815613658412,-3798943.5754427677,2790140.7046158453,4291083.881982982,-438.27549737522656,-286.78032072065673,166.65725142589207,-1.1092967709914774,146.86267906034243,-247.86720379373412,0.2739800771130586,0.16092227459178493,-0.791082535030588,0.5227325752509435,17.371567632077618,-30008.46743311565,90.48183106115209,63.462341178818335,0.3134266287671383,549.6389755148173,26.805528167345265,90.12955805413631,-0.7980823166429055,0.03183032095540461,0.6017071102536256,0.0,-0.7602800972054592,0.008225454003075882,288.11113785591806,279.8712242335264,1.1310578955408364,1.1310176287207265,0.009546409211840851,26508.54102246154,29982.69462272328,0.8817443766746559
21,,60.172241,1,2,394324.244244953,19576.309120480983,42.50567428441024,143.49633964166912,42.50411648058862,143.6917281511837,7599.858786826022,2078.0457539549097,-6362742.654357538,42.31433863814817,-89.75873224630428,53.61698438925302,179.85542397154686,-3802142.0794212613,2788076.1443750183,4292314.372426296,-495.5583649211673,-317.113077275598,191.95866740812656,-1.798790158015258,204.95985297406497,-286.0667095618101,0.23735705213444658,0.18420691315378093,-0.8028204346704855,0.5149679990685987,17.809040786138855,-45688.95667624507,90.56276259660743,58.26577582063894,0.3581520757543618,618.8593756384757,27.53228320684965,90.1878064422749,-0.8194558613204347,-0.05130843531745846,0.5708410775451069,0.0,-0.7595628787334225,0.005460380172167136,351.9175177462809,339.8578678698629,0.9430980148648886,0.9430830465164467,0.0053144347878826565,31776.6300676837,29968.47673592843,1.097049039955634
22,,66.831064,1,2,400922.34370850376,18638.201935418238,42.50554129180665,143.51558401938422,42.5026437721068,143.8085521586306,9624.06693624705,5229.3986124601215,-6358670.9965999145,42.31440566772126,-89.65298407437955,53.573134948471115,179.81690407191616,-3805643.239626469,2785839.302365225,4293671.1479622405,-557.1968548604445,-356.38953495125867,215.49510932377768,-2.68116777049314,272.7768751046031,-321.8648618538097,0.20288294348506405,0.2058069956227795,-0.8122376175376042,0.5067190107633246,18.77008596797527,-51081.69109222038,90.57998479522789,53.42254647654968,0.34680476026745144,695.6435709697981,27.560596233147706,90.2490988383598,-0.8329660066093973,-0.12871751979592944,0.5381444340795303,0.0,-0.7091599862315822,0.004996009597444985,421.91397410919905,405.2712142753068,0.8435573798220464,0.8429604713771645,0.031733063858303205,35500.30461447384,29946.543943470053,1.3456938878718137
23,,73.036532,1,2,406225.22701813,17763.964141877266,42.50536332171576,143.53888203957123,42.50053411555501,143.95119043714968,11724.63957581576,8503.346262932755,-6353634.5347156655,42.314508770588084,-89.54003752705495,53.52889345550817,179.7730726893134,-3809296.39233608,2783490.2327692937,4295075.822881786,-621.3458892212126,-402.27969587976156,237.1914631043359,-3.7457362205231988,347.35667913633245,-355.13890099257,0.17114334297304334,0.2249805586631085,-0.8195382375776407,0.4984387824139522,19.933022593607493,-52135.72842605714,90.6306114082514,49.02506766871237,0.3601786528710362,777.2769506030578,27.187338390617484,90.31040715818371,-0.8401858806624747,-0.19815327677737687,0.5047999255525003,0.0,-0.7229490795360684,0.0005428618413392246,496.78398935419125,476.290805422995,0.8119930391075887,0.8112168844693911,0.03549927751867347,36820.594749047625,29898.0666320281,1.614164284271332
24,,78.550167,1,2,410001.2549681205,16987.192997362723,42.505150464003094,143.56464798378758,42.49788140187018,144.11110763573888,13764.51812906377,11696.307784633711,-6347833.983251815,42.314609973382794,-89.43267490864936,53.49596834969498,179.72614487813013,-3812893.7807039204,2781140.24886718,4296436.6165540395,-684.6329447577244,-451.5790879532519,256.4432818034993,-4.867059257551503,424.14511560111646,-384.857344156882,0.14320339828987974,0.24213898486327323,-0.8248400106699694,0.49041547828033777,21.273535652605446,-48623.59910103507,90.5775777479473,45.14578976244519,0.29777989515146547,859.3073364672695,26.607060092983637,90.3629593720254,-0.8417240873133038,-0.25899173622083566,0.4737339352483657,0.0,-0.6911680228957662,-0.0013189036431118229,572.7459669919901,550.8985712175361,0.8361657063112381,0.8304903058662473,0.09727070727411354,35710.198890211155,29859.6436775482,1.86701231220644
25,,83.160069,1,2,412499.84282383666,16337.741524795638,42.50492658066689,143.59037786080546,42.494849579603255,144.27306839550437,15596.391599277966,14579.08048717957,-6341769.226627205,42.31471842478259,-89.33211557919063,53.4673565032817,179.68001223468835,-3816181.7629866223,2778950.2890767027,4297655.954451636,-742.6469902142012,-499.59028624491333,272.51326746617167,-6.016750286048634,496.78174091816953,-409.897810920685,0.11962252927762368,0.254765362556242,-0.8287835732337135,0.4836293513723545,22.504565283516236,-44826.07209385914,90.76039922247459,41.98637563825834,0.4014443992674286,935.6166347011876,25.98299998805623,90.40989005183877,-0.8415692497305302,-0.3065864486948381,0.44470883439018827,0.0,-0.704401870343787,0.05502564111407959,644.0842451040561,623.3386451510368,0.8706883270120892,0.870580375843095,-0.013712398275902692,34248.733092767376,29819.9721188252,2.1125139653185245
26,,86.689029,1,2,414054.0062633995,15840.5751782021,42.50471676341567,143.61294350860203,42.49164095361141,144.4163873585045,17076.534248216078,16907.82818753738,-6336229.503333924,42.314914735410255,-89.23198016736387,53.423232226054765,179.64009489791232,-3818885.835149719,2777115.7310787537,4298638.789550537,-790.3382043830442,-540.8062353405838,284.4311019491338,-7.281385857134779,557.8842364101297,-428.91839207486777,0.10118139256024175,0.26434689214560353,-0.8314294267035188,0.4781332826374828,23.513817501153056,-41581.61240986027,90.91088436071142,39.533764975129984,0.4845086435723196,999.0029595785329,25.42609250148505,90.46240189649357,-0.8397666185734923,-0.34281406242011414,0.42103508753625357,0.0,-0.6828171061225428,-0.021506234644783365,703.7462801855538,686.969180724266,0.9042379768915334,0.8990625506372459,-0.09662253113745914,32938.665268609875,29784.39204399521,2.328159820207842
27,,89.001138,1,2,414921.7946283414,15514.84092902524,42.50455640760893,143.6291885004818,42.48921017649687,144.52018260541595,18082.52772283554,18488.770166778937,-6332114.216463441,42.31503190206362,-89.16698218938491,53.399769752496425,179.6116029531677,-3820750.834868728,2775831.8216966474,4299305.320623616,-823.0932805763173,-570.1006258061169,292.1337917748191,-8.148122804063888,600.6364329842112,-441.26588246035504,0.09087188467328462,0.27180862058420063,-0.8323149232003832,0.4744607422848662,24.21928025392637,-39163.514073191756,90.70681928265543,38.041451014781636,0.34617689620523395,1042.9954095637927,25.02891423368267,90.49400317106489,-0.8357245438525069,-0.366230915313784,0.40919360145406336,0.0,-0.6273672253653214,-0.10095303187721512,745.3496465127915,731.1249621014778,0.9203520134481283,0.916822050426017,0.08054421782137511,31836.18741514864,29300.499188044018,2.477805130240416
28,ZEROLIFT_END,90.0,1,2,415262.84598433075,15374.119431078663,42.50448187414005,143.63658249109818,42.48813724641606,144.56757848989992,18525.948619693518,19185.86331197899,-6330207.942944042,42.31505102332477,-89.14283066089779,53.396150021744525,179.59868198622274,-3821580.212860732,2775255.788402808,4299598.795891201,-837.5896881869795,-583.3380570952063,295.48818438581486,-8.473199795485698,619.7745912039559,-446.58592828848674,0.08672182538369869,0.2750067955173507,-0.8325889959655229,0.47291236690211974,24.534394006099873,-38068.14236541084,90.60040436816784,37.42967638046809,0.2762683054271383,1062.6161309355307,24.851649562782438,90.50350173572659,-0.8337011674508856,-0.37591163282752393,0.40451552219411213,0.0,-0.6184573330199896,-0.05853218341060627,763.9576757661999,750.8981664260501,0.9499519039310265,0.9349107705741293,0.16840587170885404,31313.602282553395,29746.416107250534,2.544817131822051
29,,90.0,1,3,415262.84598433075,15374.119431078721,42.50448187414005,143.63658249109818,42.48813724641606,144.56757848989992,18525.948619693518,19185.863311990164,-6330207.942944042,42.31505102332477,-89.14283066089772,53.39615002174442,179.59868198622186,-3821580.212860732,2775255.7884028084,4299598.795891201,-837.5896881869792,-583.3380570952029,295.48818438581475,-8.473199795486948,619.7745912039529,-446.58592828848793,0.0867218253836987,0.2750067955173507,-0.8325889959655229,0.47291236690211974,24.534394006099788,-38068.1423654107,90.60040436816784,37.42967638046809,0.2762683054271383,1062.6161309355286,24.85164956278255,90.50350173572667,-0.8337011674508856,-0.37591163282752393,0.40451552219411213,-1.903724461439181e-16,-0.618457333019985,-0.05853218341060564,763.9576757661983,750.8981664260485,0.9499519039306428,0.9349107705739204,0.16840587170894764,31313.60228255326,29746.41610723839,2.544817131822046
30,,91.407438,1,3,415710.90731672023,15175.83699231531,42.504372031737255,143.6473973338295,42.48654784147307,144.6370700704527,19159.801487953402,20190.47403565515,-6327396.970137204,42.315066042949695,-89.10949552955903,53.39339295327089,179.57973160107778,-3822773.602544939,2774421.4440681525,4300018.034806167,-858.4155564463589,-602.391704892,300.3220285449707,-8.924823995709659,647.295239524894,-454.2340632064086,0.08515144313640544,0.2758706236242709,-0.8329351115602583,0.47208421823731156,24.98964007973225,-36472.20297007424,90.61716370595204,37.21578668277695,0.23991116785898528,1090.846622812377,24.60783157821676,90.5156024486363,-0.8332892245670617,-0.3791674364134655,0.40231967809698976,-0.018854417147925587,-0.16069742446896285,0.0039506476107977915,790.8219545333502,779.4688209493588,1.5791422439376412,1.5709063528107294,0.16115047849554515,30532.345049428215,48214.915874032406,2.6416439644727943
31,,97.180073,1,3,417195.9613356251,14362.577483623088,42.503856123932714,143.69682568059505,42.478408889964,144.95931266923975,21880.067941028625,24692.753836892545,-6314267.803991743,42.31514854919432,-88.95571185022762,53.379432068768345,179.49065930248133,-3827987.8264202727,2770710.7560611614,4301813.578398767,-949.6408220577529,-684.2053123030987,322.32964538423994,-11.074589576200339,766.4708671821625,-489.15734808733134,0.07835179259225014,0.2794996657186386,-0.8337260776477463,0.46972516730533637,27.00004316008333,-29405.749387760676,90.6913801572373,36.342288431319815,0.23708821486404555,1214.0226524228597,23.761021432631992,90.5710820802771,-0.8314818621843162,-0.3924447132707241,0.3932239309660095,0.0018000343238939673,-0.16069742446896285,0.0039506476107977915,909.3267553311564,905.7323373123812,3.6558445456649924,3.6533978063095955,0.13409361129208408,26648.63091472202,97423.251979026,3.056847314837443
32,,106.641142,1,3,418687.37107134965,13029.684701780938,42.502727608603514,143.7969971044536,42.45710791391713,145.64395933111888,26825.638600138947,33654.543980779126,-6285931.42590358,42.31534998084965,-88.63647636611235,53.35075017708327,179.2959438245981,-3837759.8487395467,2763549.2817962975,4305062.19392421,-1120.8898728247445,-833.0408928787363,366.02592704016234,-15.809051051925707,986.148011567971,-559.0096619590156,0.06719777381417526,0.285422630678759,-0.8348896694292528,0.4658082961748284,30.75594203120615,-17947.143698481526,90.82331333016778,34.924761641111,0.23273325053197957,1443.7195764672877,22.780449100399014,90.68049835314648,-0.8280367188149648,-0.41399035489829905,0.3781100082586117,-0.0053854657797802455,-0.16069742446896285,0.0039506476107977915,1133.6796853512717,1133.6796853512717,5.3812748041372185,5.38026152902218,0.10504079054619594,19006.636925955747,102279.93640102974,3.7839005871971745
33,,118.352781,1,3,419548.2533020937,11379.727342079734,42.50064566240462,143.95893377137156,42.40632485701717,146.86165539806728,33990.42423251644,48442.87841203902,-6234502.823079085,42.315731559639474,-88.08813829209436,53.30760254343786,178.93546029049799,-3852330.3128127,2752568.490268511,4309731.489090874,-1375.7158126440447,-1048.426010833874,433.9759112944349,-24.479021833818138,1307.5796890888728,-669.0712639461817,0.05336627499001504,0.2926725866508435,-0.8361284124225205,0.46085143078244356,36.2064276238753,-7528.978911649006,91.0136929169949,33.19805415860319,0.22777127714862805,1783.29083128236,22.036000224407047,90.84850592380253,-0.8229895893440126,-0.44023589724772505,0.35899929053671426,-0.0007649041434083643,-0.16069742446896285,0.0039506476107977915,1469.0201571340797,1469.02015713408,6.10410951418453,6.103631023219374,0.0770099857779021,10383.775927746008,63383.7054337147,4.793331816743741
34,,130.532266,1,3,419868.65925752977,9663.859044928004,42.49728269879554,144.18025228529802,42.29442748733226,148.77548276794164,42992.19450905919,70242.32796961628,-6152341.208971532,42.316305412520315,-87.25639142497573,53.256980236570264,178.34247380667907,-3870989.5384081462,2738214.9329694384,4315535.7834316185,-1699.3133642855123,-1317.0803950048287,522.4092461996954,-38.198943260157705,1710.8399745432307,-814.9943216228197,0.03896522899968427,0.3001401522728284,-0.8371619514080627,0.45558451962572954,43.12841205534775,-3081.764323075472,91.24503252391771,31.441376277832724,0.22306279060395542,2212.5275359778816,21.61416652630909,91.0640798859016,-0.8167951609115728,-0.4670280201237247,0.338718900462835,-0.004035187193643644,-0.16069742446896285,0.0039506476107977915,1895.42826876638,1895.42826876638,5.9752246306844565,5.974981995988444,0.05423992487362646,4484.900290252323,26798.286680479552,5.879381306988163
35,,141.325256,1,3,419960.9358031016,8143.322661577336,42.49278194725788,144.43048583217484,42.082873857707206,151.3567584886491,52636.12277022749,98380.63374412712,-6040755.505412303,42.317000658161426,-86.16260948365314,53.20814091841024,177.50326252371812,-3891157.143121657,2722497.4113880913,4321679.1050994275,-2049.3664008489704,-1604.476010873238,619.3306715148984,-56.27684284977374,2143.19726803477,-978.2823428516065,0.026187784773787248,0.3066771516490773,-0.8378729860410352,0.4508127071529935,51.40267790305008,-1372.3439694332533,91.48728168629017,29.924629401079184,0.21923233431214528,2675.409575200675,21.448023583278246,91.29498927318785,-0.8105266327016221,-0.490301471924713,0.32039201661375655,-0.0008091134285796982,-0.16069742446896285,0.0039506476107977915,2356.5860805597727,2356.5860805597727,5.397340140931696,5.397220667731751,0.03612526718284863,1976.0615940312678,10665.476562418435,7.190442379281587
36,,149.087546,1,3,419986.5600018191,7049.75695084577,42.4882894869997,144.64790520409406,41.78759227648428,154.056970381084,60772.33160095848,127171.32728803623,-5924339.961717836,42.3176394740795,-85.03193768950592,53.17054479882393,176.58523478718965,-3908202.409078954,2709115.017311831,4326803.595674204,-2350.5204254949363,-1849.921706620448,703.3587092782683,-74.29191088625987,2512.687395620431,-1122.4435418241872,0.01699357690547188,0.3113397843259147,-0.8382594891239937,0.44732497268411253,59.474768162832305,-703.8997459513716,91.68584759163194,28.861427320295213,0.2166550252026624,3072.7626112688886,21.425312455504695,91.4882761194636,-0.8055574839903852,-0.5067638328759151,0.3070302227403548,-0.004085893319957469,-0.16069742446896285,0.0039506476107977915,2752.9977734672693,2752.9977734672693,4.799941790963068,4.799875971427258,0.025254771717531422,989.4847160024334,4749.469039859303,8.775408806275522
37,MECO,152.610153,1,3,419992.413077067,6553.485500343771,42.485802605024986,144.75846094330117,41.580311419822316,155.63162481220863,64856.30805390142,143862.43069038354,-5856875.548378357,42.31797546899509,-84.37394102982603,53.15274395054429,176.03309075931037,-3916750.3375635673,2702380.8433911535,4329356.283975793,-2504.7072275126256,-1975.092983138325,746.5476124306784,-84.320286553762,2701.1186308203605,-1197.3944134734093,0.012819436438787985,0.31344217449620954,-0.8384022690777161,0.44572543788571395,64.01359451226759,-480.2496160358664,91.78414023777852,28.387719870805643,0.21553021666404354,3275.955421739157,21.438971349472663,91.58457299428285,-0.8031793041159692,-0.5141534319699678,0.3009140306354816,0.0020742066378487446,-0.16069742446896285,0.0039506476107977915,2955.825629144368,2955.825629144368,4.49055106035042,4.490504757996724,0.020476026025520348,665.2096703880986,2987.1579907166297,9.645327090950587
38,,152.610153,1,4,0.0,6553.485500343771,42.485802605024986,144.75846094330117,41.580311419822316,155.63162481220863,64856.30805390142,143862.43069038354,-5856875.548378357,42.31797546899509,-84.37394102982603,53.15274395054429,176.03309075931037,-3916750.3375635673,2702380.8433911535,4329356.283975793,-2504.7072275126256,-1975.092983138325,746.5476124306784,-84.320286553762,2701.1186308203605,-1197.3944134734093,0.012819436438787985,0.31344217449620954,-0.8384022690777161,0.44572543788571395,-0.07328155620557554,-480.2496160358664,91.78414023777852,28.387719870805643,0.21553021666404354,3275.955421739157,21.438971349472663,91.58457299428285,-0.8031793041159692,-0.5141534319699678,0.3009140306354816,0.0020742066378487446,-0.16069742446896285,0.0039506476107977915,2955.825629144368,2955.825629144368,4.49055106035042,4.490504757996724,0.020476026025520348,665.2096703880986,2987.1579907166297,9.645327090950587
39,,154.27682,1,4,0.0,6553.485500343771,42.484534545339606,144.8126449567772,41.580331445306896,155.6309194498492,66840.54449204169,143856.6175068263,-5856910.268619384,42.317989346247614,-84.37369327557872,53.152042035996516,176.0786079637081,-3920916.6368430033,2699083.465767341,4330591.484066954,-2494.8729048361083,-1981.7554040313437,735.7103437097543,-86.46004100979451,2699.9116163414155,-1183.715699285034,0.012819436438787985,0.31344217449620954,-0.8384022690777161,0.44572543788571395,-0.056009064649701575,-367.0545930696361,91.82552184719663,28.432830773231128,0.2157039229906364,3270.01758443809,21.222497362752886,91.6253453047048,-0.8031793041159692,-0.5141534319699678,0.3009140306354816,0.0,0.0,0.0,2949.267863636769,2949.267863636769,4.7696628606006435,4.7695929249094595,0.025948699886924057,504.707823886984,2407.286163048318,9.737994350902389
40,SEP1,157.610153,1,4,0.0,6553.485500343771,42.4819043804639,144.9208892078415,41.58031162316094,155.6299482386337,70740.74782212172,143849.33018295467,-5856959.806263259,42.3180182918442,-84.37301812007364,53.150635350442286,176.16937860007152,-3929200.168773779,2692455.422223567,4333007.787138437,-2475.2462536314197,-1995.0707223772702,714.0714992822576,-90.73322702371001,2697.5842334908593,-1156.4047407683076,0.012819436438787985,0.31344217449620954,-0.8384022690777161,0.44572543788571395,-0.03241788434894165,-212.45013503261035,91.90819931544742,28.5229668273814,0.21605246644320553,3258.3813941112776,20.78741324090002,91.70680711821912,-0.8031793041159692,-0.5141534319699678,0.3009140306354816,0.0,0.0,0.0,2936.4034361333966,2936.4034361333966,5.330796287260657,5.330669510403614,0.03697759061309112,287.49811960632184,1532.5939085918008,9.930821502423383
41,,157.610153,2,5,0.0,5192.485500343774,42.4819043804639,144.9208892078415,41.58031162316094,155.6299482386337,70740.74782212172,143849.33018295467,-5856959.806263259,42.3180182918442,-84.37301812007364,53.150635350442286,176.16937860007152,-3929200.168773779,2692455.422223567,4333007.787138437,-2475.2462536314197,-1995.0707223772702,714.0714992822576,-90.73322702371001,2697.5842334908593,-1156.4047407683076,0.012819436438787985,0.31344217449620954,-0.8384022690777161,0.44572543788571395,0.0,0.0,91.90819931544742,28.5229668273814,0.21605246644320553,3258.3813941112776,20.78741324090002,91.70680711821912,-0.8031793041159692,-0.5141534319699678,0.3009140306354816,0.0,0.0,0.0,2936.4034361333966,2936.4034361333966,5.330796287260657,5.330669510403614,0.03697759061309112,287.49811960632184,1532.5939085918008,9.930821502423383
42,,159.27682,2,5,0.0,5192.485500343774,42.480542354514434,144.97495144592597,41.580228268515796,155.62999460176678,72656.73202377837,143850.65493198298,-5856959.551691574,42.31803345360385,-84.37246204577072,53.149926294201386,176.21450809557632,-3933317.4495901405,2689124.7209476507,4334188.905636686,-2465.4883203075224,-2001.7496223308306,703.2805763303868,-92.86825826773952,2696.5045905643988,-1142.7899755767774,0.012819436438787985,0.31344217449620954,-0.8384022690777161,0.44572543788571395,0.0,0.0,91.9494964818915,28.567993539879367,0.21622730835787335,3252.727744081578,20.56885735696488,91.74750097398841,-0.8031793041159692,-0.5141534319699678,0.3009140306354816,0.0,0.0,0.0,2930.1417113524276,2930.141711352428,5.612795277430096,5.612636164347995,0.04253414235826572,214.63578257245868,1204.706706790209,10.01556485965338
43,SEIG,162.610153,2,5,0.0,5192.485500343768,42.47772462209302,145.08295987821026,41.580063158835124,155.63008556089355,76420.68787655514,143853.2502524322,-5856958.998026886,42.31806487662095,-84.37135249439648,53.14851015483968,176.30468810273132,-3941503.2095277696,2682430.0298280073,4336497.237406992,-2445.9676422702078,-2015.0650494561537,681.7184858537396,-97.13109148284366,2694.37770206568,-1115.582140230639,0.012819436438787985,0.31344217449620954,-0.8384022690777161,0.44572543788571395,0.0,0.0,92.03201008645148,28.657967300158177,0.2165781352895515,3241.6022202804784,20.129629905391344,91.82880751782739,-0.8031793041159692,-0.5141534319699678,0.3009140306354816,0.0,0.0,0.0,2917.812393201962,2917.812393201962,6.179636752883451,6.179406745992797,0.05373259542078439,118.774127119912,733.9809612418592,10.150211325876407
44,,162.610153,2,6,30700.0,5192.485500343776,42.47772462209302,145.08295987821026,41.580063158835124,155.63008556089355,76420.68787655514,143853.2502524322,-5856958.998026886,42.31806487662095,-84.37135249439648,53.14851015483968,176.30468810273132,-3941503.2095277696,2682430.0298280073,4336497.237406992,-2445.9676422702078,-2015.0650494561537,681.7184858537396,-97.13109148284366,2694.37770206568,-1115.582140230639,0.012819436438787985,0.31344217449620954,-0.8384022690776731,0.44572543788571395,5.912390125685948,0.0,92.0320100864497,28.65796730015824,0.21657813529089998,3241.6022202804784,20.129629905391344,91.82880751782739,-0.803179304115955,-0.5141534319699779,0.30091403063550215,0.0,0.0,0.0,2917.812393201962,2917.812393201962,6.17963675288357,6.179406745992863,0.053732595422560564,118.774127119912,733.9809612418734,10.150211325876407
45,,163.181195,2,6,30700.0,5186.84618397016,42.4772291280539,145.10145799623518,41.576555042079534,155.65497203557769,77056.86452467926,144106.31420969684,-5855863.326414337,42.31807597095314,-84.36078056254065,53.1480239662108,176.3099323606031,-3942899.779152089,2681278.1973528326,4336885.763334708,-2445.335679666272,-2019.078375384381,679.0429440792813,-97.96660889455848,2696.980048125608,-1112.544030662234,0.012479130743264698,0.3136273216149065,-0.8384095641968882,0.4455911158884206,5.918818278220339,0.0,92.04555085134311,28.62639323412662,0.21557257198352744,3243.0608061054913,20.063031984521032,91.8429301807225,-0.8029643223565065,-0.5147751817406983,0.3004243819772083,-0.0007771225597178866,-0.08228186138717924,-0.00059698539891584,2919.084283916461,2919.084283916461,6.222916545863154,6.222669842786579,0.05584926411277153,107.48862275445418,668.8927290307357,10.185447733037154
46,,165.378583,2,6,30700.0,5165.14590980651,42.475283191532135,145.17278801408932,41.56297489146221,155.75089251356036,79488.73036857322,145074.81626970414,-5851618.7279440295,42.318119248713444,-84.3200530024837,53.14616415343643,176.33017010232945,-3948270.474317962,2676824.51312987,4338366.574158053,-2442.9227771475676,-2034.5437095130774,668.7493051119184,-101.20050103108406,2707.036198859476,-1100.8771696446306,0.011159936074145544,0.3143396330226308,-0.838422622152882,0.44509934054798683,5.943684948321246,0.0,92.09776343628148,28.505007135427633,0.21523469684784002,3248.763677787797,19.80745513321165,91.8973712267385,-0.8021320752342986,-0.5171644279896118,0.2985382526620256,0.0005631725943110467,-0.08228186138717924,-0.00059698539891584,2924.0754207081036,2924.075420708103,6.388861272439731,6.388542335037193,0.06436975248374187,72.95944041892339,466.1277433513336,10.32343181138838
47,,168.446058,2,6,30700.0,5134.853114202767,42.47246169999941,145.2727594276864,41.54380110597775,155.8852150053284,82840.74188724998,146412.76181045547,-5845617.100249852,42.31818118767947,-84.26307482928668,53.14359728505645,176.35857577098298,-3955758.972881119,2670550.4182327124,4340395.912293358,-2439.604735206174,-2056.1916602771507,654.384572703022,-105.7653101643408,2721.1869127954437,-1084.6541411323844,0.009318358729639577,0.31533272227764136,-0.8384373402855412,0.4444109970828413,5.978749404746402,0.0,92.17091302637871,28.335856123939227,0.2147676747173868,3256.9640122091323,19.45255293196392,91.97362695617842,-0.8009568581241894,-0.520491165780497,0.295900418668657,1.9795266814180145e-05,-0.08228186138717924,-0.00059698539891584,2931.2999029575585,2931.2999029575585,6.618885841507619,6.6184541979392915,0.07626684899664254,42.0967997492385,278.63391183301616,10.52262585121454
48,,171.212555,2,6,30700.0,5107.532614000375,42.46981095292077,145.3633224703439,41.5262897481335,156.00678623213605,85821.26972069405,147605.40748657845,-5840126.843108162,42.31823853114496,-84.21156228465682,53.14131154196778,176.38435068275732,-3962504.051443208,2664834.8941607624,4342188.350042027,-2436.662623346367,-2075.7753766467995,641.4336619658336,-109.93333267111757,2734.062575913119,-1070.086462117712,0.007657431554035041,0.31622703447598044,-0.8384471467412917,0.443788321075919,6.01073009614222,0.0,92.23715965332173,28.18360431777899,0.21435106497285303,3264.5987957188954,19.13438802161475,92.04266069043607,-0.7998836258800748,-0.523482822635658,0.2935164722027518,0.00044256052571279577,-0.08228186138717924,-0.00059698539891584,2938.072249460258,2938.0722494602583,6.824655421126419,6.8241114267427445,0.0869884872389916,25.396227339322767,173.3205005874681,10.709163231750292
49,FAIRING,172.610153,2,6,30700.0,5093.730649433924,42.46843320107388,145.40921944024103,41.51736343981238,156.06835937113365,87311.69261299726,148202.86619242188,-5837324.883443171,42.31826802112078,-84.1854933666031,53.140167339874026,176.39742885707437,-3965908.500477524,2661926.866204053,4343080.245764542,-2435.194507928287,-2085.6907124292247,634.8924611388927,-112.05763121437087,2740.608342682859,-1062.7500200323898,0.006818344806193976,0.3166783636383722,-0.8384508391799529,0.4434730881035704,6.027016760969046,0.0,92.2707236226764,28.106798676765116,0.21414223927188072,3268.5419496418613,18.97435903138385,92.07763019166771,-0.7993366213488251,-0.524991045286799,0.2923103969059591,-0.00022323196371595573,-0.08228186138717924,-0.00059698539891584,2941.5860697547355,2941.586069754735,6.927981510038809,6.92737717936915,0.09240383049158349,23.68665952568624,164.10073922853888,10.731941690918086
50,,172.610153,2,7,30700.0,4953.730649433923,42.468433201073864,145.409219440241,41.51736343981238,156.06835937113362,87311.69261299726,148202.86619241815,-5837324.883443171,42.318268021120765,-84.18549336660313,53.14016733987403,176.3974288570745,-3965908.500477524,2661926.8662040555,4343080.245764542,-2435.194507928287,-2085.6907124292247,634.8924611388927,-112.05763121436883,2740.608342682859,-1062.7500200323884,0.006818344806193976,0.3166783636383722,-0.8384508391799529,0.4434730881035704,6.197349467013952,0.0,92.27072362267636,28.106798676765088,0.21414223927183565,3268.5419496418613,18.974359031383834,92.07763019166767,-0.7993366213488251,-0.524991045286799,0.2923103969059591,-0.00022323196371595573,-0.08228186138717924,-0.00059698539891584,2941.5860697547355,2941.586069754735,6.927981510038809,6.92737717936915,0.09240383049158349,23.686659525686224,164.1007392285388,10.731941690918086
51,,177.806635,2,7,30700.0,4902.412870434016,42.46307942897731,145.5807627530824,41.48273222542507,156.30482081537122,92764.728591986,150457.43339109048,-5826434.047349557,42.31838217370425,-84.08555833442243,53.13591745767083,176.44372015126163,-3978550.8183572227,2650991.3493389846,4346316.94775498,-2430.5572396937814,-2123.1608050075192,610.8380198443313,-120.10177346380829,2765.979001519686,-1036.028864147986,0.003698444339744986,0.3183536596980486,-0.8384571802150506,0.44229706219920617,6.262222462973033,0.0,92.39612260200897,27.821897007117826,0.21337533351858465,3284.5918141886937,18.38622423333712,92.20827921420467,-0.7972745104494272,-0.5305802729173911,0.2878157900090494,0.00023279011099709782,-0.08228186138717924,-0.00059698539891584,2956.081879817397,2956.081879817397,7.306069468026818,7.305222099434081,0.11248671798079435,9.077118114084978,66.31805551098944,10.764616138281825
52,,197.802868,2,7,30700.0,4704.940375544796,42.43894781709726,146.2544719198859,41.34152286480017,157.23156867561178,112468.72832958121,158704.8283976186,-5781738.782303542,42.31886072952341,-83.6960365560734,53.12049292276299,176.62651908465182,-4026987.004158647,2607078.698000904,4357606.576449137,-2414.4327444589835,-2269.5265605978966,518.350132004463,-152.83865628143496,2867.442272074029,-935.3002874882329,-0.00830701892938482,0.32475870194950057,-0.8383728422585569,0.4377140867504725,6.525056121767575,0.0,92.8878143626073,26.73588584879755,0.2105598516675296,3353.9414345101645,16.192536693782234,92.71983766392047,-0.7889255294852761,-0.5518100246678155,0.2703741955188805,0.00022968848887315677,-0.08228186138717924,-0.00059698539891584,3019.9952758748736,3019.9952758748736,8.695885416054391,8.693889009851494,0.1892194926794484,0.2884740393255115,2.508537191481017,8.902081732387977
53,,225.716883,2,7,30700.0,4429.275935550754,42.39514194026885,147.23327873337286,41.12117967062727,158.57548109075563,136678.16744815186,169093.81918374728,-5711036.990830823,42.31960947871773,-83.1379463004467,53.10138446683585,176.89482319325518,-4094121.9636474177,2540804.2905941177,4370273.701182735,-2396.6247447129904,-2480.271723847668,389.1910655810326,-203.75330446735177,3019.8138370648085,-800.405808829377,-0.025062523789783405,0.3335876574254472,-0.837966436443604,0.43116500504470195,6.931155440913535,0.0,93.59986002167993,25.24903107958957,0.20696585062190187,3470.882838215227,13.33274195408569,93.45873436826763,-0.7761822593183944,-0.5806827655825374,0.24565957354601273,0.00022588859989674056,-0.08228186138717924,-0.00059698539891584,3130.725232021689,3130.725232021689,10.439098058493682,10.435141238467347,0.29386043728611105,0.023623373563222097,0.24660671309890278,6.442736018426199
54,,250.892006,2,7,30700.0,4180.65938370899,42.34436962739662,148.15756055532722,40.895736858029565,159.84640388046793,155360.39149398543,177360.06190746464,-5637479.101382865,42.320332851219,-82.61838053029142,53.08651410240318,177.15074191288872,-4154307.131378257,2475893.5423725527,4378601.5300095845,-2385.501672512749,-2677.7254863031335,272.30625504786747,-255.62646934523514,3168.811803604797,-684.7572358204146,-0.040165308871756567,0.34143550125750444,-0.8373114847266324,0.4251092677230864,7.343339215730038,0.0,94.26964593623569,23.939909305041894,0.20402961695708632,3596.5236974190325,10.975789882625177,94.15186732843121,-0.7636170610985639,-0.6059251045651904,0.22303307301128114,0.00022307963299758845,-0.08228186138717924,-0.00059698539891584,3252.0156227336024,3252.015622733602,11.78898118803327,11.78305644141454,0.38448055354725796,0.00850972460681129,0.10032098330504212,5.964947859453377
55,RATE_CHANGE,263.610153,2,7,30700.0,4055.0615061542853,42.314235130940204,148.64057005166677,40.77079797810653,160.51306148711097,163710.61922840122,181145.59974033758,-5596198.690964683,42.32070497301339,-82.34927268326143,53.07983528697575,177.2852342872928,-4184621.142052444,2441186.601386288,4381687.82691669,-2381.7630012836025,-2780.4934326574653,212.99536261648242,-284.25260261039466,3248.575322531867,-628.6278146650254,-0.04779028671843995,0.3453578771924894,-0.8368766565150152,0.4219968631182721,7.570785289793318,0.0,94.61863679445166,23.290978907965044,0.20264669308871394,3667.3295117606895,9.869981821273997,94.51234300776578,-0.7568880176252987,-0.618378676441495,0.21149075936718958,0.00022191215399483595,-0.08228186138717924,-0.00059698539891584,3321.0260609673533,3321.0260609673533,12.385145630074609,12.378180600952676,0.4285445863422306,0.006080527767773971,0.07530822191159312,5.886437983612845
56,,263.610153,2,8,30700.0,4055.061506154633,42.314235130940204,148.64057005166677,40.77079797810653,160.51306148711097,163710.61922840122,181145.59974033758,-5596198.690964683,42.32070497301339,-82.34927268326143,53.07983528697575,177.2852342872928,-4184621.142052444,2441186.601386288,4381687.82691669,-2381.7630012836025,-2780.4934326574653,212.99536261648242,-284.25260261039466,3248.575322531867,-628.6278146650254,-0.04779028671843995,0.3453578771924894,-0.8368766565150152,0.4219968631182721,7.570785289792669,0.0,94.61863679445166,23.290978907965044,0.20264669308871394,3667.3295117606895,9.869981821273997,94.51234300776578,-0.7568880176252987,-0.618378676441495,0.21149075936718958,0.00022191215399483468,-0.08228186138717933,-0.000596985398915837,3321.0260609673533,3321.0260609673533,12.385145630074609,12.378180600952676,0.4285445863422306,0.006080527767773971,0.07530822191159312,5.886437983612845
57,,275.863231,2,8,30700.0,3934.0564198662296,42.282164475880876,149.11607747424029,40.643108011834485,161.16997109220017,171105.83287017886,184564.05030253157,-5553768.263657703,42.32107110395316,-82.08628162127617,53.0737907452147,177.41873536606417,-4213771.496891555,2406549.068770658,4383960.495762475,-2379.1158796989344,-2881.082686012521,155.6900595862105,-313.44612858391895,3327.847562602873,-576.1005488610131,-0.05685471305505973,0.3499054665378856,-0.836314128319396,0.4182251191507797,7.803650157372145,0.0,94.969276579082,22.440326589003412,0.20102959577511928,3739.661643428549,8.86179149682737,94.86621083427951,-0.7486673783575711,-0.6328179939286102,0.197581737879215,-5.455670154193088e-05,-0.10132561816001048,5.0192988247396185e-05,3391.8593304917727,3391.859330491772,12.667482945813472,12.659633689055319,0.46075465630666995,0.0047198389626371,0.05978847956619141,5.865562430376963
58,,324.556712,2,8,30700.0,3453.1846723574167,42.12077948365495,151.12322914501013,40.046228311020855,163.97758133966042,194230.00919701252,195380.12173111737,-5346934.156884513,42.32267656795261,-81.00255037170295,53.05158859018083,178.00160474703307,-4329639.851845559,2255861.028330825,4385833.263389038,-2381.620444743879,-3311.2980115789273,-79.2911366867752,-449.2072944517952,3681.071416118836,-378.5630230604136,-0.09280102624480913,0.36756623099607694,-0.8331082229909391,0.40275748186949956,8.890344106341047,0.0,96.43952444900826,19.15191669785713,0.19538934989897244,4079.595267752142,5.32437934531566,96.34920670559653,-0.7125660319315061,-0.6871976070957706,0.14145352218744778,-4.5898229190466817e-05,-0.10132561816001048,5.0192988247396185e-05,3727.6512613688105,3727.6512613688105,13.332718527001068,13.321152469378237,0.5758111854447983,0.0026825816158572565,0.03576610560993251,6.10795105785844
59,,398.41444,2,8,30700.0,2723.803781777117,41.74645362792691,154.569457973196,38.74988263883853,169.04959049063464,212517.35289827362,204517.7605815446,-4868787.133268593,42.3254475370266,-79.23036842236232,53.02351059854748,179.0761198911657,-4506767.100021908,1984521.4350063344,4366135.655065884,-2425.3362096319415,-4064.483601111916,-461.90724733740973,-731.9276944588504,4338.136944524339,-126.43209077736515,-0.14697626173946654,0.3930424173121177,-0.8252982290317225,0.37788666901905904,11.271002781253982,0.0,98.92774262738455,14.48627506439405,0.18872261979163354,4755.590497362273,1.523444635604819,98.85667715726066,-0.6478312257391683,-0.7598352645711267,0.05445249003868301,-3.442692656864313e-05,-0.10132561816001048,5.0192988247396185e-05,4401.265201387115,4401.265201387115,12.856148604558774,12.83789623625944,0.7083470965526218,0.0023382035217489354,0.030060291943306987,7.021931655112721
60,,477.667134,2,8,30700.0,1941.144987970239,41.09195618452385,158.96457924764277,36.09571458518122,177.04551980024806,214635.8269382827,205717.40164898615,-3864667.427357641,42.32869874612899,-77.10740012235084,52.99982935911377,180.58403453063465,-4703442.907964081,1623170.7947262453,4311198.618098644,-2555.1760907719145,-5103.767881732088,-938.9789006666488,-1200.8966589271831,5295.282643735478,51.60184976602494,-0.20440855726361412,0.41851177735257794,-0.8130024747872259,0.34941647758512856,15.815408014473714,0.0,102.03324258738996,10.059567015315045,0.1831225440226344,5784.380072345664,-0.5111364374759958,101.98282800477065,-0.5661300092462188,-0.8233497688132037,-0.0398995090962303,-2.39418285590343e-05,-0.10132561816001048,5.0192988247396185e-05,5429.993905463241,5429.993905463241,10.62991253314719,10.601717632471727,0.7916837775762996,0.003388488841747771,0.036019340007324034,8.64181770718586
61,,541.07208,2,8,30700.0,1314.9903828684046,40.276665690386295,163.1786131208974,28.67301023987592,-167.75420493511584,210013.92526104394,202228.91609722562,-1946424.7152312538,42.33135745479111,-75.14874785947708,52.985208955719315,182.13761117426665,-4871474.626541955,1265360.9189542243,4237240.467975971,-2769.59936114676,-6253.257178022102,-1414.7879265424385,-1796.0318215776651,6381.685917224317,68.8937244950094,-0.24964928270404163,0.43741359014306175,-0.8002865276055443,0.32540117667625135,23.346178344691552,0.0,104.93659499804168,7.127519500317006,0.1788486264897998,6983.948083486857,-0.5652080489489604,104.90269230080331,-0.4926891052447125,-0.8625848632996935,-0.11491213678029599,-1.698379371083718e-05,-0.10132561816001048,5.0192988247396185e-05,6629.961673757518,6629.961673757519,7.762197034524403,7.720505885387163,0.8132412825116315,0.005629904203179522,0.04370042571057656,10.610144270409602
62,SECO,571.400199,2,8,30700.0,1015.4855003437768,39.74980136439191,165.4916292030478,,,208702.72608585935,200017.5875148233,199696.80666865688,42.33261329626019,-97.15256482534593,52.979444148019134,206.09171967278257,-4957926.657241349,1064789.8807506002,4190117.957320941,-2941.878211305272,-7003.127039116131,-1701.4572866907904,-2207.072040558718,7094.947181706561,7.136101816584812,-0.2710208496735158,0.44597198491459417,-0.7933118567031431,0.3135488019988039,30.231844757612976,0.0,106.49724374868264,5.995873763000377,0.17653155150124747,7784.175783895515,-0.05252560899024686,106.4711961923122,-0.45531330217066657,-0.8775463702677875,-0.15034016394920724,-1.4156699843438055e-05,-0.10132561816001048,5.0192988247396185e-05,7430.309107121391,7430.309107121391,6.101099575088004,6.0484800146005675,0.805539984550828,0.007298446003910406,0.044528545813260524,11.910853191423787
63,,571.400199,2,9,0.0,1015.4855003437768,39.74980136439191,165.4916292030478,,,208702.72608585935,200017.58751487546,199696.80666874535,42.33261329626053,-97.15256486997129,52.97944414801765,206.091719717409,-4957926.657241349,1064789.8807506002,4190117.957320941,-2941.878211305272,-7003.127039116131,-1701.4572866909843,-2207.0720405588677,7094.947181706561,7.136101816709356,-0.2710208496735158,0.44597198491459417,-0.7933118567031431,0.3135488019988039,0.0,0.0,106.49724374868264,5.995873763000377,0.17653155150124747,7784.175783895558,-0.052525608991159524,106.47119619231326,-0.45531330217066657,-0.8775463702677875,-0.15034016394920724,-1.4156699843438055e-05,-0.10132561816001048,5.0192988247396185e-05,7430.309107121437,7430.309107121437,6.101099575089202,6.048480014601515,0.8055399845519355,0.0072984460039104936,0.044528545813269794,11.91085319142386
64,,576.05173,2,9,0.0,1015.4855003437768,39.659613180122804,165.86400772623824,,,208669.34262522496,200015.58284104243,199760.9071831219,42.33276151122701,-98.53468210425996,52.978808465856524,207.7896829254301,-4971535.843268214,1032198.6803116006,4182140.0525904833,-2909.5901885872104,-7009.945912310136,-1728.7649509488838,-2239.6001449414853,7084.792160726893,7.222573732943943,-0.2710208496735158,0.44597198491459417,-0.7933118567031431,0.3135488019988039,0.0,0.0,106.74752639741395,6.310516162138944,0.17634230946017113,7784.194564286394,-0.0531619614694142,106.7209872510535,-0.45531330217066657,-0.8775463702677875,-0.15034016394920724,0.0,0.0,0.0,7430.352679078595,7430.352679078596,6.41545110401926,6.363753524692705,0.8195330370534042,0.007304450544772904,0.046861345311717414,11.911437023982886
65,,590.748668,2,9,0.0,1015.4855003437768,39.36603372212576,167.03382342348615,,,208561.19248234667,200015.9991168985,199961.88761499058,42.333243308925006,-135.28631152982177,52.976816204597455,245.53924982887193,-5013545.053835385,929023.2599970791,4156100.3465178884,-2806.9968440166267,-7030.096776863625,-1814.6995489130074,-2341.127448633564,7052.0424736760415,7.490727141966374,-0.2710208496735158,0.44597198491459417,-0.7933118567031431,0.3135488019988039,0.0,0.0,107.53083910859898,7.304705059273544,0.17572633461594106,7784.255033541276,-0.05513528463645896,107.50276216791067,-0.45531330217066657,-0.8775463702677875,-0.15034016394920724,0.0,0.0,0.0,7430.493717934866,7430.493717934866,7.40932393046142,7.359899513219162,0.8638553029570024,0.0073239500804089044,0.05426551859627853,11.91333092459163
66,SEP2,601.400199,2,9,0.0,1015.4855003437768,39.145180538092966,167.8751230187977,,,208480.40094564762,200129.3007746162,200000.00016025547,42.333605058493596,110.97598689714624,52.97538818504868,0.00019468285777652562,-5043045.428950844,854070.2624636317,4136440.8833187367,-2732.108718734847,-7043.374895387311,-1876.640222147039,-2413.5060754138563,7027.711808694345,7.680126290502471,-0.2710208496735158,0.44597198491459417,-0.7933118567031431,0.3135488019988039,0.0,0.0,108.09130406705589,8.025284559393786,0.1752626037751247,7784.300000086024,-0.05652902559747638,108.06212788995589,-0.45531330217066657,-0.8775463702677875,-0.15034016394920724,0.0,0.0,0.0,7430.599156626698,7430.599156626698,8.13009045421915,8.08186133288672,0.8960936812955398,0.007338564283321852,0.05966319142750859,11.914748538194532